min_cluster_size,min_sample,n_dim,validity_index_score,noise,top_10,top_1,n_clusters,total
50,5,2,0.23138549457144064,32391,19178,3504,270,104253
50,3,2,0.23507385104235784,27678,21644,3526,306,104253
50,4,2,0.21152829374716114,29701,21430,4815,297,104253
50,2,2,0.18435952501378325,23949,23638,6606,336,104253
50,1,2,0.15541669443296685,22266,23511,6624,353,104253
60,5,2,0.24055892728174666,31198,21409,4747,225,104253
60,4,2,0.21312357685906447,29372,21541,4815,252,104253
60,3,2,0.24287285661759012,27034,22771,4768,266,104253
60,2,2,0.20366441968564433,25762,20030,4692,299,104253
70,5,2,0.2479841610262661,32668,20141,3504,212,104253
60,1,2,0.16055701272225031,24439,19780,4726,311,104253
70,4,2,0.23508058707463717,29299,22235,3573,219,104253
70,3,2,0.2450117544931467,26032,25407,4105,220,104253
80,5,2,0.25394159192759713,33535,20141,3504,196,104253
70,2,2,0.23455943103970886,25921,20956,4692,257,104253
70,1,2,0.16259139446825494,24750,20815,4726,270,104253
80,3,2,0.2490886265036915,26242,25756,4105,197,104253
90,5,2,0.24514455218116193,34189,20281,3504,181,104253
80,2,2,0.2508342693857561,26869,20879,3520,231,104253
80,1,2,0.1852369655233768,24042,22552,4726,234,104253
100,5,2,0.2551752828408529,33377,22266,3504,165,104253
90,3,2,0.2501645307192017,27114,25756,4105,178,104253
90,2,2,0.24706221051278976,27126,21912,3520,207,104253
90,1,2,0.18411461490260753,25685,21699,3511,215,104253
100,3,2,0.24692921764364684,27721,25853,4105,167,104253
100,2,2,0.2562592857487205,27827,21912,3520,191,104253
100,1,2,0.18541454942104815,26590,22046,3539,197,104253
50,10,2,0.21502184741936944,34636,22778,3610,214,104253
60,10,2,0.22229383124986923,34588,22233,3610,198,104253
70,10,2,0.2197846218308936,35118,22233,3610,183,104253
80,10,2,0.21933170623792303,34960,22843,3610,171,104253
90,10,2,0.22195650357733823,35032,23016,3783,155,104253
100,10,2,0.25905482291504195,34321,25359,3783,137,104253
50,10,2,0.21502184741936944,34636,22778,3610,214,104253
60,10,2,0.22229383124986923,34588,22233,3610,198,104253
70,10,2,0.2197846218308936,35118,22233,3610,183,104253
80,10,2,0.21933170623792303,34960,22843,3610,171,104253
90,10,2,0.22195650357733823,35032,23016,3783,155,104253
100,10,2,0.25905482291504195,34321,25359,3783,137,104253
150,10,2,0.29436106733143347,27618,37480,13403,94,104253
50,2,10,0.24032180216001073,37722,17880,3515,264,104253
50,1,10,0.20650864373802647,36721,18024,3490,291,104253
60,2,10,0.22535279717394124,37117,18579,3515,210,104253
60,1,10,0.19662381483894859,35836,18863,3490,226,104253
70,2,10,0.2119722561821058,36649,19380,3515,191,104253
70,1,10,0.19733513441561362,36056,18863,3490,200,104253
80,2,10,0.21243591391789798,31239,27743,7434,153,104253
80,1,10,0.20741274380319302,30253,28916,7434,159,104253
50,35,2,0.28389771990239604,33128,31645,10858,157,104253
90,2,10,0.21297736802195905,31648,27743,7434,147,104253
90,1,10,0.201086926514845,30133,28156,7434,149,104253
100,1,10,0.21067406120964338,30329,28156,7434,139,104253
100,2,10,0.21416197570420514,32314,27743,7434,130,104253
150,1,10,0.20380269650391503,32444,28156,7434,104,104253
150,2,10,0.2019001166855252,34636,27103,6794,102,104253
60,35,2,0.28972154821186724,33455,31645,10858,143,104253
200,1,10,0.19808454495475677,32230,31264,7434,84,104253
200,2,10,0.19240104414134176,34312,29890,6794,84,104253
250,1,10,0.18522119749369764,34957,31264,7434,71,104253
250,2,10,0.1736896942684864,37220,29890,6794,70,104253
70,35,2,0.1836783271286392,32979,32950,10858,132,104253
300,1,10,0.15613288059045127,37457,30644,6814,62,104253
300,2,10,0.16156462754228526,39237,29890,6794,61,104253
80,35,2,0.1977590271789848,32572,34226,10858,121,104253
350,2,10,0.1521573823097301,39911,29890,6794,57,104253
350,1,10,0.14814038706972252,38476,30644,6814,57,104253
400,2,10,0.1747569995524887,39765,31890,7434,50,104253
400,1,10,0.15829917168353907,37940,32641,7434,51,104253
450,2,10,0.16256864216129893,41048,31890,7434,47,104253
450,1,10,0.15045708800520713,39200,32641,7434,48,104253
500,1,10,0.12786018616831968,40798,33891,7434,41,104253
500,2,10,0.15886608112866318,42640,33057,7434,40,104253
50,7,10,0.3033864132278017,38978,19924,4095,211,104253
50,4,10,0.2278720625720329,38595,18686,3432,228,104253
50,3,10,0.2524272529002428,36707,20208,3420,227,104253
50,6,10,0.24743540813653858,34347,27074,7431,196,104253
50,5,10,0.25018817480114197,37146,24479,7432,212,104253
60,7,10,0.30254271169688157,39682,19993,4095,179,104253
60,4,10,0.2311242838454559,36771,21837,4348,186,104253
60,3,10,0.2386193963253342,35413,24983,7433,186,104253
60,6,10,0.28526442577692646,34862,27550,7431,167,104253
60,5,10,0.22746195698920157,35149,27341,7432,166,104253
70,7,10,0.30161481026143677,39618,20116,4201,165,104253
70,4,10,0.23495806585635584,34442,26594,7433,159,104253
70,3,10,0.24362712005545262,34293,26050,7433,167,104253
70,6,10,0.24758640153177736,36339,26277,7431,158,104253
70,5,10,0.2182035204351983,35026,27871,7432,155,104253
80,7,10,0.3218789544042775,36100,26343,7431,137,104253
80,4,10,0.24219976429086698,34894,26594,7433,144,104253
80,3,10,0.24752970854902426,34069,26528,7433,145,104253
80,6,10,0.25118741807560635,35807,26277,7431,141,104253
80,5,10,0.22888350679809483,34995,27871,7432,142,104253
90,7,10,0.28385640643467014,37322,25172,7431,131,104253
90,4,10,0.23695898636689444,34447,26948,7433,135,104253
90,3,10,0.24178668881905319,34148,26996,7433,137,104253
90,6,10,0.24735968560971716,36299,26394,7431,129,104253
100,7,10,0.27933849642184544,37979,25172,7431,124,104253
90,5,10,0.2222457446902249,34997,27878,7432,128,104253
100,4,10,0.24316462178988194,35199,26948,7433,124,104253
100,6,10,0.25011702865133634,37150,26394,7431,120,104253
100,3,10,0.2329224334513465,34624,26996,7433,126,104253
150,7,10,0.2544677197201459,39472,25172,7431,97,104253
100,5,10,0.22609678254574797,35466,27878,7432,121,104253
150,4,10,0.22889239644208925,36931,26948,7433,99,104253
150,6,10,0.2470776767758275,38591,26529,7431,96,104253
200,7,10,0.25661209167375,40852,25172,7431,82,104253
150,3,10,0.24957540759087848,35890,26996,7433,104,104253
150,5,10,0.23853406474928465,38641,26544,7432,98,104253
200,4,10,0.2175285243381102,39684,26948,7433,82,104253
200,6,10,0.22310902259131163,40052,26529,7431,81,104253
200,3,10,0.20621811793774747,37694,28247,6716,80,104253
250,7,10,0.2379349387234396,38575,29971,7431,69,104253
200,5,10,0.21927772790659944,38841,28515,7432,77,104253
250,6,10,0.23170542093328528,41478,26546,7431,70,104253
250,4,10,0.20308711405795857,37735,31098,7433,67,104253
250,3,10,0.19798783975325,39767,28247,6716,68,104253
300,7,10,0.250586373686415,38357,32620,7431,59,104253
250,5,10,0.22055615340837004,38735,29849,7432,68,104253
300,6,10,0.20409022057314294,40644,30315,7431,60,104253
300,4,10,0.19147794835007795,38649,31680,6607,61,104253
300,3,10,0.18968477905062114,40855,28247,6716,64,104253
300,5,10,0.21729499549398018,40588,29891,7432,59,104253
350,7,10,0.24488607440648552,38623,33093,7431,56,104253
350,3,10,0.18357167771167998,40549,30025,6716,58,104253
350,4,10,0.1768145010874406,41002,30568,7433,55,104253
350,6,10,0.26547926130014665,37856,34306,7431,54,104253
350,5,10,0.1968060681327324,41311,30257,7432,55,104253
400,7,10,0.23928955632664484,40384,33858,7431,48,104253
400,4,10,0.1669404136167843,41980,30673,7433,51,104253
400,3,10,0.1674742923864109,41934,30831,7433,51,104253
400,6,10,0.2645314786770072,39398,34503,7431,47,104253
400,5,10,0.18368331584080172,41846,31293,7432,47,104253
450,7,10,0.22274221145117115,41376,34141,7431,44,104253
450,4,10,0.15096046987117534,43602,31059,7433,46,104253
450,3,10,0.15106722153721117,42742,31536,7433,47,104253
450,5,10,0.17161344507466508,43128,31293,7432,44,104253
450,6,10,0.24213583078847467,40394,34503,7431,43,104253
500,7,10,0.22658167412254235,43801,34141,7431,39,104253
500,4,10,0.1638516131825501,45085,32122,7433,40,104253
500,3,10,0.1799629609978438,44287,32355,7433,41,104253
500,5,10,0.1812680496940172,44910,31916,7432,39,104253
500,6,10,0.22684154067160472,42824,34503,7431,38,104253
50,15,10,0.2507337526217535,38978,21879,4066,187,104253
50,9,10,0.28854911575841635,39111,19719,3459,208,104253
50,8,10,0.26393321051764707,38645,20698,3451,207,104253
50,10,10,0.2834610698740327,38318,21915,3976,202,104253
50,10,10,0.2834610698740327,38318,21915,3976,202,104253
60,9,10,0.2779425059417467,40487,18962,3459,184,104253
60,8,10,0.26722633827429376,41264,18607,3451,187,104253
60,10,10,0.30523236580219015,38583,21915,3976,178,104253
60,10,10,0.30523236580219015,38583,21915,3976,178,104253
60,15,10,0.21325921242709156,35445,28083,7425,154,104253
70,9,10,0.2776906381086546,39368,20476,3459,163,104253
70,8,10,0.2540316679397654,39604,20575,3451,164,104253
70,10,10,0.27746530089675364,39730,20664,3538,164,104253
70,10,10,0.27746530089675364,39730,20664,3538,164,104253
70,15,10,0.22197122669008854,36679,26642,7425,143,104253
80,9,10,0.3018690949994653,39449,20958,3459,147,104253
80,8,10,0.24428114204452414,35384,27243,7431,136,104253
80,10,10,0.25963046467599726,36412,26838,7428,137,104253
80,10,10,0.25963046467599726,36412,26838,7428,137,104253
80,15,10,0.22188249713810623,37143,26642,7425,134,104253
90,9,10,0.3029474719694951,39596,21513,3459,135,104253
90,10,10,0.2537985083561797,36049,27394,7428,130,104253
90,10,10,0.2537985083561797,36049,27394,7428,130,104253
90,8,10,0.24207371037839553,35242,27826,7431,128,104253
100,9,10,0.2714513101306406,36229,27676,7428,119,104253
90,15,10,0.21473707088234134,36772,27323,7425,127,104253
100,10,10,0.25067461498891225,36804,27394,7428,122,104253
100,8,10,0.246616262349582,35604,27826,7431,122,104253
100,15,10,0.21445746354803952,37344,27323,7425,120,104253
150,9,10,0.25251311994951436,38030,26905,7428,97,104253
100,10,10,0.25067461498891225,36804,27394,7428,122,104253
150,10,10,0.24314512517857292,37869,27394,7428,97,104253
200,9,10,0.2357262639089704,39771,26905,7428,82,104253
150,10,10,0.24314512517857292,37869,27394,7428,97,104253
150,15,10,0.21149520675478692,38733,26524,7425,99,104253
150,8,10,0.23398142429380078,38354,27039,7431,95,104253
200,10,10,0.2395147343476303,39988,27632,7428,81,104253
200,15,10,0.208895132131779,40396,27615,7425,79,104253
200,8,10,0.20898199727745428,39795,27039,7431,81,104253
200,10,10,0.2395147343476303,39988,27632,7428,81,104253
250,9,10,0.21305528131201748,38899,30795,7428,66,104253
250,10,10,0.25539965010209564,39949,30415,7428,65,104253
250,15,10,0.21880613893469036,41189,27357,6552,70,104253
250,8,10,0.2063096136838312,38593,30366,7431,67,104253
250,10,10,0.25539965010209564,39949,30415,7428,65,104253
300,9,10,0.22676449413991448,40509,30733,6625,59,104253
300,10,10,0.24563388579514034,40153,32063,6586,57,104253
300,15,10,0.19080382197083612,38758,33080,6955,58,104253
350,9,10,0.29014743489099865,40568,31855,6625,55,104253
300,10,10,0.24563388579514034,40153,32063,6586,57,104253
300,8,10,0.24740364851753607,39307,31168,6494,60,104253
350,10,10,0.2737182870738326,40343,32651,6586,53,104253
350,15,10,0.18797797907433866,38311,34303,6955,55,104253
350,10,10,0.2737182870738326,40343,32651,6586,53,104253
350,8,10,0.26371566276612035,38957,32378,6494,57,104253
400,9,10,0.2877224518079492,41552,32908,7428,47,104253
400,10,10,0.24782565027444792,40641,33590,7428,46,104253
400,10,10,0.24782565027444792,40641,33590,7428,46,104253
450,9,10,0.2717175744560932,43253,32908,7428,43,104253
400,15,10,0.17759453981057502,39606,35567,7425,46,104253
400,8,10,0.2595282878684712,40103,33573,7431,48,104253
450,10,10,0.28976636711247056,41605,34313,7428,42,104253
450,10,10,0.28976636711247056,41605,34313,7428,42,104253
500,9,10,0.25668075610669683,45195,32908,7428,39,104253
450,8,10,0.29775882707694945,41781,33573,7431,44,104253
450,15,10,0.2201008260319423,40208,36254,7425,43,104253
500,10,10,0.23317402596483516,43061,34799,7428,38,104253
500,10,10,0.23317402596483516,43061,34799,7428,38,104253
500,8,10,0.27822181613536234,44198,33573,7431,39,104253
500,15,10,0.2431810025793681,41906,36254,7425,38,104253
50,30,10,0.2956037899861084,39907,22337,3869,172,104253
50,25,10,0.265319651223604,39282,22772,4358,174,104253
50,20,10,0.28161312068055405,38569,22494,3860,182,104253
50,35,10,0.2644215451725506,36939,28217,7409,158,104253
50,40,10,0.3113077685126672,36232,28677,7430,153,104253
60,30,10,0.28720407391609604,40244,22337,3869,151,104253
60,20,10,0.31940142111878844,35141,28629,7419,147,104253
60,25,10,0.2544016389087503,36254,28987,7423,146,104253
60,35,10,0.2886624876542345,36542,28217,7409,137,104253
60,40,10,0.2968305831795224,36956,27931,7430,139,104253
70,30,10,0.32589435684193846,36065,28475,7422,130,104253
70,20,10,0.3190205181739838,35256,28629,7419,137,104253
70,25,10,0.24246282108030462,36252,28987,7423,132,104253
70,35,10,0.256848829287011,37226,27470,7409,130,104253
70,40,10,0.25126771506441603,30626,36211,9564,117,104253
80,30,10,0.3058690280693381,36613,27726,7422,123,104253
80,20,10,0.31468938656911577,35369,28629,7419,125,104253
80,25,10,0.24018329210037195,37545,27687,7423,124,104253
80,35,10,0.23703303758808145,33874,32552,7409,114,104253
90,30,10,0.29127620627460005,33435,32740,7422,109,104253
90,20,10,0.31315046409843367,35778,28629,7419,119,104253
90,25,10,0.24513479869376564,37632,27687,7423,118,104253
80,40,10,0.2576534907677739,30647,36211,9564,112,104253
90,35,10,0.23943357169362142,34025,32552,7409,109,104253
100,30,10,0.2989515528995559,33917,32740,7422,104,104253
100,25,10,0.24236026734710664,38019,27687,7423,114,104253
100,20,10,0.3072772549359304,35864,28629,7419,112,104253
100,35,10,0.23580757853152234,34504,32552,7409,104,104253
150,20,10,0.3091508013028603,37004,27877,7419,96,104253
90,40,10,0.25083355949369607,30793,36211,9564,107,104253
150,30,10,0.280320598591125,35167,32740,7422,87,104253
150,25,10,0.21582003309005315,35742,32375,7423,87,104253
150,35,10,0.23818437417396096,35385,32552,7409,84,104253
200,20,10,0.29080605974843304,38743,27877,7419,80,104253
200,25,10,0.19253607769000297,38308,32375,7423,69,104253
250,20,10,0.21254240996750992,37589,31396,6570,67,104253
100,40,10,0.24724176580511226,31269,36211,9564,102,104253
200,30,10,0.27370258647321044,34434,35417,8975,70,104253
200,35,10,0.23542604228638775,37178,32552,7409,68,104253
250,25,10,0.19497587097599042,36980,34192,7423,61,104253
300,20,10,0.21563098675050954,39260,31665,6570,59,104253
250,30,10,0.21934765043636725,37765,32016,6698,64,104253
250,35,10,0.22249186782403418,38143,31754,6611,64,104253
150,40,10,0.2493122681695603,32295,36211,9564,81,104253
300,25,10,0.1998791641222231,38676,33778,6719,55,104253
350,20,10,0.21811334666296836,36213,35738,8767,54,104253
300,35,10,0.20624037306537413,39107,32588,6611,56,104253
300,30,10,0.22359956763716118,39086,32348,6698,57,104253
200,40,10,0.22939207106295165,35680,33742,7430,68,104253
350,25,10,0.31158158744703657,37080,35942,7955,51,104253
350,30,10,0.23979657186923367,36671,35545,8975,54,104253
250,40,10,0.22608437729337266,36515,33742,7430,63,104253
400,20,10,0.27969181715950403,37953,36587,8767,46,104253
350,35,10,0.2867749314761658,37291,35051,8829,54,104253
400,25,10,0.2796932954723381,37632,36800,7955,45,104253
300,40,10,0.22407237301855176,37411,34633,7430,55,104253
400,30,10,0.3077585102068622,36957,36879,8975,46,104253
450,20,10,0.2759132188854524,38354,36587,8767,45,104253
400,35,10,0.2798281384942669,37545,36391,8829,46,104253
450,25,10,0.20312622841002728,38467,37254,7955,42,104253
350,40,10,0.22119485138515732,37722,34633,7430,54,104253
450,30,10,0.2998459971898905,38254,36879,8975,43,104253
450,35,10,0.26776903254660633,38835,36391,8829,43,104253
500,20,10,0.25841692362266905,40034,38209,8767,38,104253
500,25,10,0.19174759571938796,39905,37254,7955,39,104253
500,30,10,0.28851226753656106,39693,36879,8975,40,104253
400,40,10,0.22936665298634462,36139,37656,9564,46,104253
500,35,10,0.25820285531060355,40273,36391,8829,40,104253
450,40,10,0.2172219081560366,37437,37656,9564,43,104253
500,40,10,0.2076310251128921,38875,37656,9564,40,104253
50,45,10,0.33559871868232727,37268,28166,7392,151,104253
60,45,10,0.34093972743118545,37615,28166,7392,137,104253
50,4,50,0.35371803615869446,33150,27399,7396,196,104253
50,3,50,0.34179497248327095,32622,27443,7396,207,104253
50,2,50,0.31536639023802593,31830,26845,7396,220,104253
50,1,50,0.3549204182545854,30725,26621,7397,234,104253
70,45,10,0.2972427985979189,31132,36382,9538,116,104253
60,4,50,0.31875846751354586,33563,27165,7396,169,104253
60,2,50,0.2862950371221767,32756,27024,7396,190,104253
60,1,50,0.3126641062127186,30682,27356,7397,199,104253
60,3,50,0.3038292929158688,32896,27651,7396,179,104253
80,45,10,0.2979775877513872,31346,36382,9538,112,104253
90,45,10,0.29797876831435866,37876,27424,7392,117,104253
70,3,50,0.2956444512000314,33334,27261,7396,159,104253
70,4,50,0.3170406026170091,33956,27306,7396,152,104253
70,1,50,0.2980633903621594,30230,30281,7397,171,104253
70,2,50,0.2589557828793504,31582,29730,7396,162,104253
100,45,10,0.29197769277824176,36751,29329,7392,107,104253
150,45,10,0.29258554094995354,37154,30169,7392,81,104253
80,3,50,0.27323791948816945,33432,27651,7396,145,104253
80,4,50,0.28541963997289654,34246,27712,7396,141,104253
80,2,50,0.28112319750287645,34072,26517,7396,155,104253
80,1,50,0.28047864065665484,30173,30281,7397,153,104253
200,45,10,0.2919760278909318,38361,30169,7392,70,104253
90,3,50,0.2674580558491608,33945,28159,7396,134,104253
250,45,10,0.22424782320446401,39596,29289,6512,65,104253
90,4,50,0.27980134876970164,34428,28091,7396,133,104253
90,2,50,0.28503885346022717,34653,26517,7396,145,104253
90,1,50,0.2902614751808783,33096,26850,7397,149,104253
300,45,10,0.23421997437527053,40197,29825,6512,57,104253
350,45,10,0.23134286476130544,40508,29825,6512,56,104253
100,4,50,0.2745562105724328,34976,28091,7396,121,104253
100,3,50,0.2589044406541914,34477,28159,7396,125,104253
100,2,50,0.2590811772026139,33374,29479,7396,131,104253
100,1,50,0.2715950624141831,33768,26850,7397,139,104253
400,45,10,0.29160554097277036,35576,38559,9538,45,104253
150,4,50,0.26897417942345303,36098,28438,7396,95,104253
150,3,50,0.2626639149176344,35277,28419,7396,96,104253
150,2,50,0.27009769692734775,36457,27242,7396,102,104253
150,1,50,0.2829678938030388,34310,28298,7397,101,104253
450,45,10,0.28369134305334265,36428,38559,9538,43,104253
200,4,50,0.28176951278901935,36510,28438,7396,79,104253
200,3,50,0.25570265753581267,35853,28927,7396,78,104253
200,2,50,0.2479661328958207,35932,29845,7396,79,104253
200,1,50,0.2614759408098898,33452,31972,7397,80,104253
500,45,10,0.2741482189567026,37866,38559,9538,40,104253
250,3,50,0.24841087517771354,37114,28927,7396,70,104253
250,4,50,0.25690382277073115,35419,32281,7396,67,104253
250,2,50,0.23743715600808005,35341,31469,7396,70,104253
250,1,50,0.24580408922890934,35714,30392,7397,72,104253
300,3,50,0.23226344890044515,38163,29798,7396,62,104253
300,4,50,0.23950572153207123,36796,32281,7396,58,104253
300,2,50,0.22276632910630267,36952,31469,7396,63,104253
300,1,50,0.23198700368153338,35784,31972,7397,63,104253
350,3,50,0.2506501150301854,38349,30394,7396,56,104253
350,4,50,0.27735390925032116,37309,32623,7396,53,104253
350,2,50,0.25788660751755194,36759,32259,7396,57,104253
350,1,50,0.24733639927787804,36297,32212,7397,58,104253
400,3,50,0.25324572462181766,39515,30537,7396,50,104253
400,4,50,0.2540126387006516,38788,32676,7396,48,104253
400,1,50,0.2591691305347242,36719,33202,7397,53,104253
400,2,50,0.24313127005307508,33240,40911,10045,47,104253
450,4,50,0.24587189736847795,39643,32676,7396,46,104253
450,3,50,0.3492551905699126,34617,40053,11424,43,104253
500,4,50,0.26387397669446067,41749,33238,7396,39,104253
450,2,50,0.23123498703546727,34489,40911,10045,44,104253
450,1,50,0.22889686709916868,33153,42047,10717,44,104253
500,3,50,0.39586920099089334,36912,40613,11424,37,104253
500,2,50,0.2823394750931474,35157,43327,11012,36,104253
500,1,50,0.28162203575252986,33884,44468,11697,36,104253
50,6,50,0.3189020571858008,38980,20742,3439,210,104253
50,9,50,0.3197398329176717,37678,26411,7390,199,104253
50,5,50,0.3363880269404046,34950,26670,7396,195,104253
50,7,50,0.36548994264341095,34724,28169,7393,197,104253
50,8,50,0.35445466664132363,33925,29922,7396,185,104253
60,6,50,0.2765284410279772,38140,20869,3439,175,104253
60,5,50,0.21891174411918918,35119,26839,7396,163,104253
60,9,50,0.31900460918529655,34827,29340,7390,158,104253
60,7,50,0.27114171830310585,35307,26808,7393,162,104253
60,8,50,0.3622856009078901,35723,27260,7396,162,104253
70,6,50,0.2568863489092893,37653,22895,3887,157,104253
70,5,50,0.21630349532373,34509,27925,7396,147,104253
70,9,50,0.31257351160974933,34443,29002,7390,143,104253
70,7,50,0.27182167281879127,34151,29358,7393,145,104253
70,8,50,0.3089501064385611,33710,30211,7396,142,104253
80,6,50,0.2745844761944374,34457,29219,7391,136,104253
80,5,50,0.21040875331521766,34642,28260,7396,137,104253
80,9,50,0.28728407058302596,33705,30032,7390,132,104253
80,7,50,0.26575825251764257,34169,29852,7393,134,104253
80,8,50,0.3047659138900488,34238,30211,7396,135,104253
90,6,50,0.28222627045276794,34888,29219,7391,128,104253
90,5,50,0.20897264138608215,34691,28260,7396,131,104253
90,9,50,0.29708395077347216,33436,30032,7390,125,104253
90,7,50,0.2588341642269505,34508,29852,7393,128,104253
90,8,50,0.30894301169094635,34546,30211,7396,128,104253
100,6,50,0.2771038790566255,35616,29219,7391,118,104253
100,5,50,0.20655632041791408,36392,27151,7396,121,104253
100,9,50,0.28332001328004675,34532,30032,7390,115,104253
100,7,50,0.25641471500361995,35466,29852,7393,118,104253
100,8,50,0.29125729021687663,35045,30211,7396,116,104253
150,6,50,0.2491923142241021,37218,28512,7391,92,104253
150,5,50,0.1939185867465115,34893,31355,7396,91,104253
150,9,50,0.27654792562982017,35762,30140,7390,90,104253
200,6,50,0.2901362355042884,38193,28474,7391,75,104253
150,8,50,0.2907419873834508,35840,30404,7396,90,104253
150,7,50,0.24381349067869248,34232,32982,7393,87,104253
200,5,50,0.22974655302790906,35506,31355,7396,75,104253
200,9,50,0.3100407639733579,36731,30465,7390,75,104253
250,6,50,0.2670913787912789,38720,29140,7391,65,104253
200,8,50,0.28875422234355475,36936,30967,7396,73,104253
200,7,50,0.29329085739256405,34941,33591,7393,73,104253
250,5,50,0.22750295377777188,36234,32017,7396,66,104253
250,9,50,0.2963889614739562,36113,33082,7390,65,104253
250,8,50,0.2829528026947134,37612,31302,7396,66,104253
300,6,50,0.30005345037775033,34761,37961,8051,53,104253
250,7,50,0.32027938576346165,36400,33591,7393,62,104253
300,5,50,0.23045466127782177,37393,32017,7396,57,104253
300,9,50,0.3141379944932518,37024,33082,7390,58,104253
300,8,50,0.28391066109152396,38868,31302,7396,58,104253
300,7,50,0.33788036607526883,37363,33591,7393,55,104253
350,6,50,0.3074387557203355,34994,38366,8051,50,104253
350,5,50,0.2572546442341758,37634,32395,7396,54,104253
350,9,50,0.3111715356406909,37284,33775,7390,55,104253
350,8,50,0.3189946614001463,39460,32021,7396,54,104253
350,7,50,0.2942114207987133,37585,33977,7393,52,104253
400,6,50,0.281627021704568,36864,38463,8051,44,104253
400,5,50,0.24283244519410918,39483,32478,7396,48,104253
400,9,50,0.29303041380501166,39198,33775,7390,50,104253
400,8,50,0.30886428335238963,39329,34459,7396,47,104253
400,7,50,0.29257530927592307,39470,34056,7393,46,104253
450,5,50,0.2348718659844968,40321,32478,7396,46,104253
450,9,50,0.2989213292904194,39342,34069,7390,45,104253
450,6,50,0.2774982095482704,37300,38463,8051,43,104253
450,8,50,0.30059103731826475,39656,34711,7396,44,104253
450,7,50,0.2841759151887809,39384,34294,7393,44,104253
500,5,50,0.23786606405538596,42625,33026,7396,40,104253
500,9,50,0.3019990809573131,41642,34623,7390,39,104253
500,8,50,0.30367854558576113,41960,35262,7396,38,104253
500,7,50,0.28711660433334457,41689,34843,7393,38,104253
500,6,50,0.2838340794133099,36993,42404,11448,36,104253
50,15,50,0.37906374716141267,36597,26857,7380,177,104253
50,25,50,0.24316644753682853,35565,27355,7379,162,104253
50,10,50,0.3818334103890598,34724,27740,7386,188,104253
50,10,50,0.3818334103890598,34724,27740,7386,188,104253
50,20,50,0.3476378650180107,35648,27798,7407,167,104253
60,15,50,0.3492401865350371,36191,27220,7380,146,104253
60,25,50,0.24078306483008155,35134,27446,7379,133,104253
60,10,50,0.3844220107942353,34889,27889,7386,155,104253
60,20,50,0.3417952998606042,36076,28226,7407,138,104253
60,10,50,0.3844220107942353,34889,27889,7386,155,104253
70,15,50,0.34915382594132155,35899,27220,7380,135,104253
70,20,50,0.31131753323856326,36927,26660,7407,133,104253
70,25,50,0.22822248200647327,34742,27922,7379,123,104253
70,10,50,0.343875623589445,34278,28127,7386,142,104253
70,10,50,0.343875623589445,34278,28127,7386,142,104253
80,15,50,0.34446616135694597,36420,27220,7380,128,104253
80,20,50,0.2855335793671884,36575,27204,7407,124,104253
80,25,50,0.22564488266404642,35042,27922,7379,119,104253
80,10,50,0.3371233639164393,35016,28127,7386,132,104253
80,10,50,0.3371233639164393,35016,28127,7386,132,104253
90,15,50,0.34185743952122133,36305,27934,7380,121,104253
90,20,50,0.2908084822772678,36773,27204,7407,115,104253
90,25,50,0.22391013199938514,35423,27922,7379,113,104253
90,10,50,0.3396588862893777,35200,28127,7386,127,104253
90,10,50,0.3396588862893777,35200,28127,7386,127,104253
100,15,50,0.3379027692231431,36863,27934,7380,114,104253
100,20,50,0.28678964344565155,37345,27204,7407,109,104253
100,25,50,0.2213550863725069,36041,27922,7379,105,104253
100,10,50,0.32302502417441475,36075,28127,7386,115,104253
100,10,50,0.32302502417441475,36075,28127,7386,115,104253
150,15,50,0.3181596712269883,38156,27613,7380,90,104253
150,20,50,0.2927835145041532,38441,27961,7407,90,104253
150,25,50,0.20578328811334182,37559,27922,7379,87,104253
150,10,50,0.3318275960082746,36566,28487,7386,90,104253
150,10,50,0.3318275960082746,36566,28487,7386,90,104253
200,15,50,0.326607048197522,38797,27994,7380,71,104253
200,20,50,0.32472938504309834,37551,29320,7407,70,104253
200,25,50,0.2190984001065658,38253,28548,7379,75,104253
200,10,50,0.30808248094944024,38149,28791,7386,72,104253
200,10,50,0.30808248094944024,38149,28791,7386,72,104253
250,15,50,0.3208520423014619,39868,27994,7380,65,104253
250,20,50,0.3212600694127077,38359,29320,7407,64,104253
250,10,50,0.30444418681454705,39010,28791,7386,67,104253
250,10,50,0.30444418681454705,39010,28791,7386,67,104253
250,25,50,0.190141270731153,33286,37303,11108,62,104253
300,15,50,0.33118600719737856,40877,27994,7380,58,104253
300,20,50,0.3295587687760979,39530,29320,7407,57,104253
300,10,50,0.3454875719913325,38207,31146,7386,57,104253
300,10,50,0.3454875719913325,38207,31146,7386,57,104253
350,15,50,0.35922154198814665,39823,29692,7380,56,104253
350,20,50,0.3256221892424586,39605,29902,7407,55,104253
300,25,50,0.20879735266120653,33539,38153,11108,53,104253
350,10,50,0.3423803134179363,38493,31507,7386,55,104253
350,10,50,0.3423803134179363,38493,31507,7386,55,104253
350,25,50,0.1947033948616785,36401,34680,7379,54,104253
400,15,50,0.2806139835995982,36497,38470,10094,45,104253
400,20,50,0.28797702173762163,34858,38515,9640,46,104253
400,10,50,0.2611044467403082,35771,39051,10683,45,104253
400,10,50,0.2611044467403082,35771,39051,10683,45,104253
450,20,50,0.2879608677421195,35277,38515,9640,45,104253
450,15,50,0.2724128121800767,36418,38775,10094,43,104253
400,25,50,0.19024963038506493,33143,40302,11108,46,104253
450,10,50,0.26110444674030814,36206,39051,10683,44,104253
450,10,50,0.26110444674030814,36206,39051,10683,44,104253
500,20,50,0.2956924813505628,37037,39113,9640,40,104253
500,15,50,0.2801548491505094,38174,39377,10094,38,104253
500,10,50,0.26446112231364505,37650,39869,10683,38,104253
500,10,50,0.26446112231364505,37650,39869,10683,38,104253
450,25,50,0.18817885234785287,33986,40302,11108,44,104253
500,25,50,0.1697647055614402,35734,40913,11108,39,104253
50,45,50,0.248162930933633,38047,26014,7378,150,104253
50,40,50,0.22401379583014547,37331,27331,6777,153,104253
50,35,50,0.2607677172823447,35515,29786,6680,157,104253
50,30,50,0.28778726469557514,34280,29697,7382,158,104253
60,45,50,0.2391523390280197,37474,26371,7378,131,104253
60,40,50,0.20257057875036574,38129,25798,6777,133,104253
60,35,50,0.2633532821290758,36731,27790,6680,135,104253
60,30,50,0.3114500365485719,36041,27583,7382,133,104253
70,40,50,0.20015424275439073,38519,25798,6777,127,104253
70,45,50,0.2296322644061806,37416,26517,7378,124,104253
70,35,50,0.24135000364066936,36457,27790,6680,124,104253
70,30,50,0.30637538187764135,35428,27641,7382,124,104253
80,40,50,0.18991918125775703,37751,26727,6777,120,104253
80,45,50,0.21760461041982357,36934,27206,7378,117,104253
80,35,50,0.2390983122954406,36905,26844,6680,120,104253
80,30,50,0.30545495367187453,35802,27641,7382,119,104253
90,40,50,0.18592075463049615,38264,26727,6777,114,104253
90,45,50,0.21439173899710054,37443,27206,7378,111,104253
90,35,50,0.21810863183071333,37904,26593,6680,114,104253
90,30,50,0.3005984440481022,36316,27641,7382,113,104253
100,40,50,0.18903779183547867,38440,26727,6777,106,104253
100,45,50,0.20377437731340897,37537,27206,7378,103,104253
100,35,50,0.21201284685763824,38566,26593,6680,107,104253
100,30,50,0.2945281717322392,36974,27641,7382,106,104253
150,40,50,0.24807817774771163,36724,31596,6777,82,104253
150,35,50,0.20832208973183086,39560,26593,6680,87,104253
150,45,50,0.202947009924227,38364,28734,7378,81,104253
150,30,50,0.3463446265994722,34796,32825,7382,83,104253
200,35,50,0.3027797280435635,38432,29298,7381,74,104253
200,40,50,0.27491607179170086,35878,33501,6777,71,104253
200,30,50,0.3617992456981954,35517,33404,7382,71,104253
200,45,50,0.20342162383212326,29733,41961,11137,66,104253
250,40,50,0.2768106217172772,37380,33501,6777,61,104253
250,35,50,0.2209777687445094,33014,38576,11242,58,104253
300,40,50,0.2231130045690588,37523,33567,6777,56,104253
250,30,50,0.40330239856916444,32418,38596,11722,59,104253
250,45,50,0.19743366182195632,31484,41175,11137,57,104253
300,35,50,0.22725857860847704,33729,38576,11242,54,104253
350,40,50,0.22008839657210652,37829,33918,6777,54,104253
400,40,50,0.30350977390106776,39415,34887,7380,47,104253
450,40,50,0.29436027029545203,39227,35730,7380,44,104253
300,45,50,0.18962071087936644,31979,41247,11137,53,104253
350,35,50,0.2777777890484544,33632,39677,11242,51,104253
300,30,50,0.40647346495192943,33188,38596,11722,55,104253
500,40,50,0.2766702541815131,41120,35730,7380,40,104253
400,35,50,0.25501469956064277,35441,40031,11242,45,104253
350,45,50,0.1856348661090204,31820,42396,11137,50,104253
350,30,50,0.3864889666424135,32676,39190,11722,53,104253
450,35,50,0.22530946030235338,33991,43024,11242,41,104253
400,45,50,0.1695964142059231,33263,42478,11137,45,104253
400,30,50,0.3942639592866201,34481,39469,11722,47,104253
500,35,50,0.20759002772682825,35888,43024,11242,37,104253
450,45,50,0.18257884725274773,33537,43254,11137,41,104253
450,30,50,0.45271363753471067,32012,43918,11722,42,104253
500,45,50,0.16937084248443934,34957,43254,11137,38,104253
500,30,50,0.4349145495680497,33916,43918,11722,38,104253
125,3,2,0.27123056279720903,29143,25755,4105,147,104253
125,5,2,0.4201747357744025,23088,43936,21268,104,104253
125,1,2,0.23576885647003848,26588,22430,3539,170,104253
125,4,2,0.19484905708738331,18133,49208,27420,107,104253
125,2,2,0.2923984223441498,28361,22235,3520,165,104253
175,5,2,0.2884713849787836,22666,44095,21268,85,104253
175,3,2,0.25475566850384845,19616,46408,22927,87,104253
175,4,2,0.21408291178703345,17575,50775,27420,84,104253
175,2,2,0.2159708310058346,17048,50521,28861,86,104253
175,1,2,0.23594613915238238,22124,38748,13767,99,104253
225,3,2,0.2672580988328531,23891,40534,14108,79,104253
225,2,2,0.21690143867877043,17350,51246,28861,72,104253
225,5,2,0.326288448354891,21717,48441,21268,70,104253
225,4,2,0.27251422336482034,18213,51281,27420,74,104253
225,1,2,0.20855989951461223,14610,55005,29150,70,104253
275,2,2,0.3434054744468303,21355,44018,14009,67,104253
275,3,2,0.35465410071713555,21752,44726,14108,67,104253
275,5,2,0.3517787931375348,22516,48768,21268,63,104253
275,4,2,0.30111315674607025,16799,55488,27420,62,104253
275,1,2,0.31459554546314605,20743,44566,14338,67,104253
325,2,2,0.32520241849672843,21845,44018,14009,62,104253
325,3,2,0.34994769639152523,22613,44726,14108,63,104253
325,5,2,0.3402463399534513,26772,45225,17234,56,104253
325,4,2,0.30191259532257,17915,55488,27420,56,104253
325,1,2,0.3133761553495243,21281,44566,14338,62,104253
375,2,2,0.2799344913886273,23484,44589,14009,55,104253
375,3,2,0.31364436858881267,23754,45350,14108,54,104253
375,5,2,0.32677283543205504,25211,49639,21268,48,104253
375,4,2,0.3059355181128792,18484,57151,28194,48,104253
375,1,2,0.24218965268502274,21760,45126,14338,57,104253
425,2,2,0.2704866830776547,24652,44589,14009,52,104253
425,3,2,0.3083474498456865,24526,45350,14108,52,104253
425,5,2,0.31970985909728544,25984,49639,21268,46,104253
425,4,2,0.30079089041125245,19264,57151,28194,46,104253
425,1,2,0.2278343048964449,23705,45126,14338,52,104253
475,2,2,0.265973591314043,26406,44589,14009,48,104253
475,3,2,0.3033657620870922,26291,45350,14108,47,104253
475,5,2,0.3209739591490841,28534,49736,21268,38,104253
475,4,2,0.295426715061007,21944,57151,28194,40,104253
475,1,2,0.22642053654945188,25480,45126,14338,48,104253
125,6,2,0.2595562540084639,20487,46903,24268,101,104253
125,7,2,0.2983364065039092,19043,50587,29719,93,104253
125,9,2,0.2800691316127813,23027,45285,23518,100,104253
125,10,2,0.26172422341234036,27280,37244,13403,104,104253
125,8,2,0.32249141862242486,21363,46641,24174,101,104253
175,7,2,0.30807487535673594,20522,50850,29982,79,104253
175,6,2,0.2652169956924543,19163,50147,24268,81,104253
175,9,2,0.5247651047916259,23843,45285,23518,81,104253
175,10,2,0.27307197001513545,23956,45239,23216,80,104253
175,8,2,0.34308241599082445,23138,46641,24174,81,104253
225,7,2,0.3590040319023989,26778,41528,19388,74,104253
225,9,2,0.3016067021211175,26259,41155,13751,77,104253
225,6,2,0.27518453080937777,20537,50147,24268,72,104253
225,10,2,0.2767961992374206,26798,41646,13403,72,104253
225,8,2,0.3280821121612587,20732,50728,24174,68,104253
275,7,2,0.29392675078621683,19905,55685,30727,58,104253
275,9,2,0.3327007686711405,27351,42081,13751,64,104253
275,6,2,0.24554392972538716,21608,50823,24268,64,104253
275,10,2,0.32368823718830364,27916,41864,13403,61,104253
275,8,2,0.5581775666693402,22730,50728,24174,57,104253
325,7,2,0.30158394411020095,21025,55685,30727,52,104253
325,6,2,0.24733348002372335,22632,51280,24268,53,104253
325,9,2,0.329863617379478,28971,42081,13751,54,104253
325,10,2,0.3254752388071184,28641,41864,13403,54,104253
325,8,2,0.33525894290530495,29271,41849,13052,53,104253
375,7,2,0.3335061477119552,28163,47019,19388,46,104253
375,6,2,0.23134447676544792,23013,52545,24268,46,104253
375,10,2,0.3086098356633436,29066,42705,13403,50,104253
375,9,2,0.2802733500829021,20728,57417,31347,43,104253
375,8,2,0.3150866024851248,30031,42814,13052,48,104253
425,7,2,0.3318976190376588,28557,47019,19388,45,104253
425,10,2,0.2725223923614773,20688,57665,31290,42,104253
425,6,2,0.22970208153075306,23407,52545,24268,45,104253
425,9,2,0.2787624639331298,21515,57417,31347,41,104253
425,8,2,0.3095417780714874,30845,42814,13052,46,104253
475,7,2,0.3103229245199587,30821,47019,19388,40,104253
475,10,2,0.2623994976221332,22956,57665,31290,37,104253
475,6,2,0.2167041595586432,24762,52545,24268,41,104253
475,9,2,0.27302350302993106,23746,57417,31347,36,104253
475,8,2,0.288107546899203,33554,42814,13052,40,104253
125,15,2,0.2165122858110838,21428,47795,25358,96,104253
50,11,2,0.25002152143269435,34317,22790,3532,223,104253
50,12,2,0.17502201293097763,22981,43607,23863,162,104253
50,14,2,0.17681367585042546,23645,43138,23108,159,104253
50,13,2,0.16904787237357338,23256,43156,23864,162,104253
175,15,2,0.2665674405717713,19751,51276,25358,77,104253
60,11,2,0.22815502230325863,33904,23623,3532,200,104253
60,12,2,0.17348930413636698,22727,44194,23863,146,104253
60,14,2,0.2609504580386618,34389,23960,3576,182,104253
60,13,2,0.18701693313670723,23558,43156,23864,147,104253
225,15,2,0.263079816029127,21317,51276,25358,68,104253
70,11,2,0.22888729181434012,34274,23623,3532,184,104253
70,12,2,0.16920094405310393,23048,44194,23863,137,104253
70,14,2,0.26689510914057035,34852,23960,3576,168,104253
70,13,2,0.19088809446659352,23619,43469,23864,137,104253
275,15,2,0.2447366357755665,21846,52436,25601,56,104253
80,11,2,0.22966591007095596,35010,23648,3532,168,104253
80,12,2,0.1752358512100271,23015,44628,23863,128,104253
80,14,2,0.27487848096542394,35001,24126,3662,159,104253
80,13,2,0.19262005670412913,24157,43609,23864,128,104253
325,15,2,0.2339875229743003,20978,54700,26645,49,104253
90,11,2,0.23678829038848803,35153,23826,3710,150,104253
90,12,2,0.16770425185833018,23166,44628,23863,119,104253
90,14,2,0.223587022022334,31836,31369,11159,136,104253
90,13,2,0.19867272885357126,23818,43676,23864,119,104253
375,15,2,0.22398157655966133,22374,54700,26645,45,104253
100,11,2,0.22282723192514473,31063,33119,10233,117,104253
100,12,2,0.17969102827295494,23509,44755,23863,108,104253
100,14,2,0.24584420708164761,31695,31613,11159,127,104253
100,13,2,0.200257853167129,22954,44986,23864,109,104253
425,15,2,0.22063009897096333,22756,55082,26645,42,104253
125,11,2,0.22536841733796692,30541,33864,10233,108,104253
125,12,2,0.17955668277440062,23138,45708,23863,98,104253
125,14,2,0.2527521162519142,23926,44263,23108,99,104253
125,13,2,0.23195436659552832,22918,45807,23864,97,104253
475,15,2,0.18037743862128067,24532,55082,26645,37,104253
150,11,2,0.2472572823879542,23557,45697,23439,88,104253
150,12,2,0.2021684102139245,22829,46243,23863,88,104253
150,14,2,0.2679673628123659,22128,47315,23108,88,104253
150,13,2,0.25257163405437666,20654,48969,23864,87,104253
175,12,2,0.25953166975663117,30843,34640,10588,87,104253
175,11,2,0.26202963100517956,23401,45963,23439,82,104253
175,14,2,0.27590771837883515,21971,47813,23108,80,104253
175,13,2,0.23658437048992936,21127,49137,23864,80,104253
200,12,2,0.2452856214661536,25319,44641,18502,72,104253
200,11,2,0.259774442187119,24096,46015,23439,73,104253
200,14,2,0.2748995631649409,22807,48462,23108,70,104253
200,13,2,0.24558321068219127,21971,49523,23864,73,104253
225,12,2,0.2406451013410353,25947,44886,18502,68,104253
225,11,2,0.2477706447608783,22421,49744,23439,66,104253
225,14,2,0.2815204723056517,23241,48462,23108,67,104253
225,13,2,0.2502157467274142,22608,49523,23864,69,104253
250,12,2,0.25387972599092623,29540,40238,11904,63,104253
250,11,2,0.3155580673524031,22959,50266,23439,60,104253
250,14,2,0.24767448094219316,23885,48829,23108,61,104253
250,13,2,0.24924339168264792,23123,50200,23864,63,104253
275,12,2,0.24526853592219136,29531,40640,11904,58,104253
275,11,2,0.3500425498233893,22612,50266,23439,56,104253
275,14,2,0.25383016808014003,23858,49450,23108,57,104253
275,13,2,0.25784229758273164,22983,50859,23864,58,104253
300,12,2,0.25745848867414833,29895,40640,11904,54,104253
300,11,2,0.34171075901155384,23406,50266,23439,52,104253
300,14,2,0.2630334576182219,23964,49450,23108,55,104253
300,13,2,0.26623756135300614,23076,50859,23864,56,104253
325,12,2,0.2661649216354419,29867,40640,11904,53,104253
325,11,2,0.3313520019280692,23382,50266,23439,51,104253
325,14,2,0.25982018904894866,30389,40286,11587,56,104253
325,13,2,0.2703139915169826,22870,50948,23864,54,104253
350,12,2,0.23419565129701073,29786,41628,11904,50,104253
350,11,2,0.3114807200616025,23479,50844,23439,49,104253
350,14,2,0.2360428286470197,24991,50092,23108,49,104253
350,13,2,0.2759319678002771,23484,51671,23864,50,104253
375,12,2,0.22736879340123684,30504,41628,11904,48,104253
375,11,2,0.2925725815588461,24131,51256,23439,46,104253
375,14,2,0.2324986590542254,25364,50092,23108,48,104253
375,13,2,0.2692136752971637,24191,51671,23864,48,104253
400,12,2,0.22402235052357913,30898,41628,11904,47,104253
400,11,2,0.2855451101876609,24912,51256,23439,44,104253
400,14,2,0.21858866564133334,25669,50484,23108,45,104253
400,13,2,0.2677456898624921,24585,51671,23864,47,104253
425,12,2,0.22007804476099396,31313,41628,11904,46,104253
425,11,2,0.2855451101876609,24912,51256,23439,44,104253
425,14,2,0.5098173559717911,21304,57544,31003,42,104253
425,13,2,0.2677396869128791,24540,52137,23864,46,104253
450,12,2,0.215948003561754,31750,41628,11904,45,104253
450,11,2,0.27303387521858813,26673,51256,23439,40,104253
450,14,2,0.4824298927075704,21738,57544,31003,40,104253
450,13,2,0.2569745370908837,27464,48145,19774,45,104253
475,12,2,0.19122232204707362,28074,48829,20701,40,104253
475,11,2,0.264323957160404,27589,51256,23439,38,104253
475,14,2,0.47385265611601507,23099,57544,31003,37,104253
475,13,2,0.24612164498528444,29741,48145,19774,40,104253
500,12,2,0.17491149107261308,28635,49718,20701,37,104253
500,11,2,0.2845506245777299,28099,52202,23439,35,104253
500,14,2,0.46010107060451716,24563,57544,31003,34,104253
500,13,2,0.23671494962704046,27773,52235,23864,37,104253
125,20,2,0.1822035920317043,23714,44607,19554,94,104253
50,17,2,0.1834832675639189,23924,43598,23586,160,104253
50,16,2,0.2179340534111717,28902,33909,11646,168,104253
50,19,2,0.4125652924582922,22413,45526,25154,155,104253
50,18,2,0.27597372956855976,35314,25403,3492,196,104253
175,20,2,0.21950524277329392,23838,45162,19554,79,104253
60,16,2,0.19450277566900573,29701,33909,11646,152,104253
60,19,2,0.22424554543614378,30232,33826,10934,154,104253
60,18,2,0.22263238964208623,23856,44087,23260,139,104253
60,17,2,0.18068248803542342,23026,44752,23586,141,104253
225,20,2,0.2245049864986253,24550,45162,19554,72,104253
70,16,2,0.1906339325370127,29558,34128,11646,143,104253
70,19,2,0.21497480675217084,27971,37178,10934,140,104253
70,18,2,0.4198949006944067,21812,47422,23260,128,104253
70,17,2,0.16911126987247055,21084,48062,23586,130,104253
275,20,2,0.22616428587356194,25147,46277,19554,59,104253
80,16,2,0.1967495519201767,28958,35083,11646,133,104253
80,18,2,0.4170685116800396,21859,47422,23260,117,104253
80,19,2,0.21414096276165864,28413,37178,10934,132,104253
80,17,2,0.2165805429037929,28582,36535,10017,131,104253
325,20,2,0.21965443269798265,25945,47247,19554,52,104253
90,16,2,0.19601061877887635,29046,35294,11646,122,104253
90,19,2,0.2060194939779615,28699,37178,10934,122,104253
90,17,2,0.16883503564778496,23584,44000,19145,113,104253
90,18,2,0.24632519672893527,28163,37497,11040,118,104253
375,20,2,0.21463120161391774,26809,47528,19554,47,104253
100,16,2,0.23225142690423062,28538,36323,11646,112,104253
100,19,2,0.20727459849349106,28474,37576,10934,112,104253
100,18,2,0.3083824539777604,26919,38479,11040,108,104253
100,17,2,0.20169570990274271,23419,44552,19145,103,104253
425,20,2,0.20364027983327065,28016,47528,19554,44,104253
125,16,2,0.25164686086857874,28485,36323,11646,100,104253
125,19,2,0.2623859263747197,27561,38282,10934,99,104253
125,17,2,0.20764025178203374,19872,49582,23586,90,104253
125,18,2,0.28154782383620675,23028,45378,19328,90,104253
150,16,2,0.2731653518439302,26047,39597,11646,90,104253
475,20,2,0.14589547871078712,10260,78395,54542,28,104253
150,18,2,0.3052349193970091,27429,38860,11652,90,104253
150,19,2,0.2769484107741656,22573,45695,19683,84,104253
150,17,2,0.2425596099396849,26975,39186,11166,91,104253
175,16,2,0.248141544762437,27286,38472,11646,84,104253
175,18,2,0.35548127680822994,26846,39877,11652,81,104253
175,17,2,0.28081222939676725,27246,39417,11166,82,104253
175,19,2,0.3192032694904938,27665,38690,10934,81,104253
200,16,2,0.24540377167728294,28014,38472,11646,80,104253
200,17,2,0.2762303392894409,27789,39417,11166,79,104253
200,18,2,0.35088244496043314,27391,39877,11652,78,104253
200,19,2,0.321983157692209,27601,38964,10934,77,104253
225,16,2,0.2333039051298713,28736,39018,11646,73,104253
225,17,2,0.23973278297632503,27130,40726,12475,75,104253
225,18,2,0.3475362822689578,27248,39877,11652,74,104253
225,19,2,0.2543858639708969,26972,39916,11886,73,104253
250,16,2,0.1882779457672424,21453,51575,25947,62,104253
250,17,2,0.24980059845872396,28056,41195,12475,67,104253
250,18,2,0.3091356443939163,28222,40846,12145,65,104253
250,19,2,0.25382817194550733,27928,39916,11886,69,104253
275,16,2,0.20956578427374692,21528,51575,25947,57,104253
275,17,2,0.2570055995024207,28608,41195,12475,62,104253
275,18,2,0.33005639507837137,28328,40846,12145,61,104253
275,19,2,0.2670936182030954,28597,40326,11886,61,104253
300,16,2,0.2252969957066522,22078,51861,25947,54,104253
300,17,2,0.2663708381129505,28716,41195,12475,60,104253
300,19,2,0.2617135313534345,29111,40326,11886,58,104253
300,18,2,0.3275070445203007,28888,40846,12145,59,104253
325,16,2,0.200492670623788,21748,53113,25947,50,104253
325,17,2,0.25982871780510797,28404,42427,12475,56,104253
325,19,2,0.2617960776463445,28825,41565,11886,55,104253
325,18,2,0.32094606743082094,28864,42111,12145,54,104253
350,16,2,0.26229287453891104,31066,40901,11646,51,104253
350,17,2,0.2501782776063829,29759,42427,12475,52,104253
350,19,2,0.2461693120424368,29819,41650,11886,51,104253
350,18,2,0.31398064250991464,29860,42417,12145,50,104253
375,16,2,0.27073261557810485,31416,40901,11646,50,104253
375,17,2,0.24328494750896243,30484,42427,12475,50,104253
375,19,2,0.2461693120424368,29819,41650,11886,51,104253
375,18,2,0.31398064250991464,29860,42417,12145,50,104253
400,16,2,0.26361336018939646,32208,40901,11646,48,104253
400,17,2,0.2512867499879093,31237,42759,12475,47,104253
400,19,2,0.22059975106731486,26846,48029,19683,46,104253
400,18,2,0.30701924748480414,30641,42417,12145,48,104253
425,16,2,0.26361336018939646,32208,40901,11646,48,104253
425,17,2,0.2512867499879093,31237,42759,12475,47,104253
425,19,2,0.216775807179835,27249,48029,19683,45,104253
425,18,2,0.27636366897876496,21401,56362,27796,42,104253
450,16,2,0.24232608200409453,33947,40901,11646,43,104253
450,17,2,0.2383569196183283,32984,42759,12475,42,104253
450,19,2,0.21483327562100163,28552,48029,19683,41,104253
450,18,2,0.26385783720732486,22697,56362,27796,38,104253
475,16,2,0.2661854123861911,34511,41724,11646,40,104253
475,17,2,0.2398540127559911,33334,42759,12475,40,104253
475,19,2,0.21483327562100163,28552,48029,19683,41,104253
475,18,2,0.26385783720732486,22697,56362,27796,38,104253
500,16,2,0.2571302730200099,35482,41724,11646,38,104253
500,17,2,0.23082001716598313,34303,42759,12475,38,104253
500,19,2,0.19193979598949243,29853,48672,19683,37,104253
500,18,2,0.2502199825751174,24151,56362,27796,35,104253
125,25,2,0.24398919687854717,25483,41744,20252,98,104253
50,22,2,0.3669545799226398,25761,40875,21016,157,104253
50,23,2,0.160352816966794,26447,39172,20002,156,104253
50,21,2,0.40625027960278304,23359,44208,23532,154,104253
50,24,2,0.1644965987983802,23183,44116,23931,151,104253
175,25,2,0.31489378034035226,25499,42379,20252,81,104253
60,22,2,0.38067161721087495,26149,40772,21016,143,104253
60,21,2,0.41323167017875206,23336,44433,23532,138,104253
60,23,2,0.17083847199253438,27125,38958,20002,143,104253
60,24,2,0.17138421429579578,23429,44116,23931,139,104253
225,25,2,0.3144629983981967,22943,46321,20252,70,104253
70,22,2,0.3813741845112435,24170,44131,21016,132,104253
70,21,2,0.41342406426024025,23462,44433,23532,132,104253
70,23,2,0.1630673672574967,26720,39172,20002,134,104253
70,24,2,0.17947974326581972,23895,44116,23931,129,104253
275,25,2,0.315162261895647,24213,46321,20252,63,104253
80,22,2,0.18531722279700108,24272,44274,21016,121,104253
80,23,2,0.16264516076006955,27163,39206,20002,125,104253
80,21,2,0.41732082644032326,23665,44433,23532,121,104253
80,24,2,0.17979727986174315,23672,44556,23931,118,104253
325,25,2,0.3001119620069937,24746,47566,20252,56,104253
90,23,2,0.15715819273445708,27372,39580,20002,117,104253
90,22,2,0.18826695209629968,23475,45117,21016,110,104253
90,21,2,0.1862467709719248,23362,44565,23532,113,104253
90,24,2,0.2055516597665602,23436,45023,23931,111,104253
375,25,2,0.31707073549964504,24973,48682,20252,51,104253
100,23,2,0.36806369051986965,26297,40956,20102,109,104253
100,21,2,0.18682283357359392,23015,45083,23532,104,104253
100,22,2,0.22883847646637004,22524,45975,21016,103,104253
100,24,2,0.25883561541601896,22633,45747,23931,104,104253
425,25,2,0.30197770432070964,26571,48682,20252,47,104253
125,23,2,0.21734307602274178,25507,41630,20102,97,104253
125,21,2,0.2324634390214085,22941,45564,23532,96,104253
125,22,2,0.25319817025155494,23003,45975,21016,94,104253
125,24,2,0.25961141942488836,24856,42663,20847,95,104253
475,25,2,0.30447975215168327,28800,48682,20252,41,104253
150,21,2,0.27613980348691486,24830,43099,17520,86,104253
150,23,2,0.19703126141193858,23042,44891,20102,87,104253
150,22,2,0.2707918915848976,22791,46326,21016,87,104253
150,24,2,0.28439564811635104,24378,43013,20847,86,104253
175,21,2,0.3057327611318251,25035,43286,17520,79,104253
175,23,2,0.21611847592370595,23593,45083,20102,79,104253
175,22,2,0.3175703083119942,22885,46515,21016,79,104253
175,24,2,0.28877624050096373,25354,42094,20847,82,104253
200,23,2,0.21434614347242648,23421,45347,20102,74,104253
200,22,2,0.32300221667178103,23331,46515,21016,73,104253
200,21,2,0.3019158120431389,25523,43286,17520,74,104253
200,24,2,0.29126466227409104,25758,42094,20847,76,104253
225,21,2,0.29941107284542323,25958,43286,17520,72,104253
225,22,2,0.32091087841160043,23770,46515,21016,71,104253
225,23,2,0.20797781272385743,23395,46451,20102,69,104253
225,24,2,0.2801153691385665,23486,45973,20847,71,104253
250,22,2,0.32035605594876115,24082,47155,21016,64,104253
250,24,2,0.2800483455203373,24439,45973,20847,67,104253
250,21,2,0.3064183426495824,26583,43887,17520,65,104253
250,23,2,0.20120358371861866,23748,47046,20102,65,104253
275,21,2,0.29021315756906624,26970,44274,17520,60,104253
275,24,2,0.28985868020327193,24799,45973,20847,64,104253
275,23,2,0.19926300640884553,23811,47046,20102,61,104253
275,22,2,0.32682693977509614,24233,47784,21016,59,104253
300,23,2,0.19671696105599942,24087,47046,20102,60,104253
300,21,2,0.287665237308859,27214,44274,17520,58,104253
300,24,2,0.2816238682842174,25411,46509,20847,60,104253
300,22,2,0.32153442727093967,24799,47784,21016,57,104253
325,23,2,0.18551435690327217,19456,55197,27138,51,104253
325,24,2,0.2810760038499394,25906,47252,20847,55,104253
325,21,2,0.24942188461878068,26832,45248,17520,54,104253
325,22,2,0.33780924145173974,24591,48528,21016,53,104253
350,23,2,0.19884565431351775,19263,56055,27138,47,104253
350,24,2,0.306787009519858,24813,49089,20847,52,104253
350,21,2,0.2190910699228108,23012,51617,23532,49,104253
350,22,2,0.3337943441642647,24582,49151,21016,50,104253
375,23,2,0.24741224318137173,23979,49019,20102,50,104253
375,24,2,0.29991773515912007,25537,49089,20847,50,104253
375,21,2,0.21226225186542289,23731,51617,23532,47,104253
375,22,2,0.3303755076053236,24942,49151,21016,49,104253
400,23,2,0.2367453303398712,25148,49019,20102,47,104253
400,24,2,0.29269759722929245,26306,49089,20847,48,104253
400,21,2,0.2075714792099689,24513,51617,23532,45,104253
400,22,2,0.3229952218869461,25727,49151,21016,47,104253
425,24,2,0.2888413552332999,26712,49089,20847,47,104253
425,23,2,0.23525320853189058,26395,49019,20102,44,104253
425,21,2,0.21091182720752538,28154,47280,19195,45,104253
425,22,2,0.3151025495148743,26559,49151,21016,45,104253
450,24,2,0.2941264329901806,28012,49089,20847,43,104253
450,23,2,0.23343567847954055,27714,49019,20102,40,104253
450,21,2,0.2089611012334633,30307,47280,19195,40,104253
450,22,2,0.30288178848784164,27861,49151,21016,42,104253
475,24,2,0.28177747258965247,27750,51268,20847,38,104253
475,23,2,0.23343567847954055,27714,49019,20102,40,104253
475,22,2,0.25748969183025894,27695,50222,21016,39,104253
475,21,2,0.2089611012334633,30307,47280,19195,40,104253
500,23,2,0.23015363795510024,28191,49019,20102,39,104253
500,24,2,0.278508734321044,28227,51268,20847,37,104253
500,22,2,0.2558504461745227,28062,50222,21016,37,104253
500,21,2,0.19544706125606623,31749,47280,19195,37,104253
125,40,2,0.4829618368980346,21744,49358,26744,89,104253
125,45,2,0.21543243521724686,22066,48042,23783,90,104253
125,30,2,0.16722583593219517,24941,42258,23395,97,104253
125,35,2,0.30121583792531803,32282,34433,10858,97,104253
125,1,50,0.27757695284653683,34322,27013,7397,123,104253
175,40,2,0.45384980462561836,21566,49647,26744,74,104253
175,45,2,0.2225963970361381,21712,47115,23783,76,104253
175,30,2,0.17848423941145528,24069,43798,23395,79,104253
175,35,2,0.22811368860047682,26507,42442,19389,77,104253
175,1,50,0.26027793917059794,33868,29367,7397,92,104253
225,45,2,0.26462230270631715,20069,51160,23783,64,104253
225,40,2,0.4378775699005822,19575,53824,26744,62,104253
225,30,2,0.18273389229093218,21680,47772,23395,68,104253
225,35,2,0.23322584849349257,23678,46492,19389,67,104253
225,1,50,0.24585578555462653,35246,30392,7397,75,104253
275,40,2,0.21265475113385782,25629,46953,19654,58,104253
275,35,2,0.23733979593614238,24162,47120,19389,59,104253
275,30,2,0.19449238426948126,22070,49266,23395,60,104253
275,45,2,0.2943379110719373,20104,52583,23783,57,104253
275,1,50,0.2355441403927139,35458,31972,7397,66,104253
325,35,2,0.2791267162467641,24901,47463,19389,53,104253
325,40,2,0.22551305883047254,26413,46953,19654,53,104253
325,30,2,0.1862662071335934,22869,49849,23395,53,104253
325,45,2,0.31371129079397303,20234,52583,23783,53,104253
325,1,50,0.23198700368153338,35784,31972,7397,63,104253
375,35,2,0.2465138730826613,25800,48075,19389,48,104253
375,40,2,0.20728574718793405,27364,47680,19654,48,104253
375,45,2,0.30399268666947626,21222,52946,23783,48,104253
375,30,2,0.1664030229389264,24154,50263,23395,48,104253
375,1,50,0.271345473207538,35979,32800,7397,56,104253
425,40,2,0.22446153168852173,27682,47680,19654,45,104253
425,45,2,0.32787014275937437,22387,52946,23783,43,104253
425,35,2,0.23515967958493425,26456,48075,19389,44,104253
425,30,2,0.16321392064259413,24548,50263,23395,46,104253
425,1,50,0.23309699992207994,32712,42047,10717,45,104253
475,40,2,0.21309907053413543,27458,50622,21925,39,104253
475,30,2,0.1471746670228835,26347,50263,23395,41,104253
475,35,2,0.23095296008304042,26305,50896,21558,38,104253
475,45,2,0.31097906637359374,24182,52946,23783,39,104253
475,1,50,0.24146357855184405,33524,42876,10717,40,104253
125,3,50,0.26239472837418887,34630,28746,7396,108,104253
125,2,50,0.261403783361191,33551,30090,7396,114,104253
125,5,50,0.2066022491108716,34124,31355,7396,101,104253
125,4,50,0.29214015607303945,35350,28438,7396,106,104253
125,6,50,0.2873081635790343,36026,29492,7391,104,104253
175,2,50,0.279241413231989,36571,27242,7396,85,104253
175,3,50,0.2730875654048837,35282,28927,7396,84,104253
175,4,50,0.2868401475659087,36039,28438,7396,87,104253
175,6,50,0.28101629670035905,37221,28474,7391,84,104253
175,5,50,0.2055497884311997,34928,31355,7396,81,104253
225,3,50,0.24834871965784072,36652,28927,7396,73,104253
225,4,50,0.2610552184447442,35292,31617,7396,72,104253
225,6,50,0.26477052930998995,38480,29140,7391,67,104253
225,5,50,0.22558631279110372,36371,31355,7396,71,104253
225,2,50,0.24108580528463242,36481,29845,7396,75,104253
275,3,50,0.23497795705974056,37878,29798,7396,63,104253
275,4,50,0.24481078248495808,36648,32281,7396,61,104253
275,6,50,0.25344641367785886,39484,29140,7391,61,104253
275,5,50,0.20905260335389886,36832,32017,7396,60,104253
275,2,50,0.22555772863340035,36659,31469,7396,64,104253
325,3,50,0.25334962533155647,37708,30020,7396,59,104253
325,6,50,0.31027724233307785,34724,37961,8051,52,104253
325,4,50,0.2575377714844249,37351,32281,7396,54,104253
325,5,50,0.24089225469330786,37356,32017,7396,56,104253
325,2,50,0.2334768161618808,36804,31602,7396,61,104253
375,6,50,0.3040685360903369,35349,38366,8051,49,104253
375,5,50,0.2504167563568046,38353,32395,7396,52,104253
375,4,50,0.26527347274738833,37605,32676,7396,51,104253
375,2,50,0.2470350904509619,32512,40779,10045,50,104253
375,3,50,0.24761636273157475,39059,30394,7396,54,104253
425,4,50,0.25004606017659853,39204,32676,7396,47,104253
425,5,50,0.23900760644566527,39885,32478,7396,47,104253
425,2,50,0.23540627537212322,34051,40911,10045,45,104253
425,6,50,0.281627021704568,36864,38463,8051,44,104253
425,3,50,0.3533880139566845,34183,40053,11424,44,104253
475,5,50,0.25160831181361965,41172,33026,7396,43,104253
475,4,50,0.2628613758669829,40476,33238,7396,43,104253
475,6,50,0.33096582105576483,38637,39007,8051,39,104253
475,2,50,0.2436737390121413,34304,42718,11012,39,104253
475,3,50,0.3662563596741272,35454,40613,11424,40,104253
125,7,50,0.23729480048877868,34985,30570,7393,102,104253
125,8,50,0.2900709131336436,35996,29876,7396,103,104253
125,9,50,0.2743216792672417,35296,29702,7390,102,104253
125,10,50,0.3266624652026369,36373,28127,7386,102,104253
175,7,50,0.26832521317341884,34130,33318,7393,80,104253
175,9,50,0.28331498783181713,36012,30140,7390,85,104253
175,8,50,0.2917417443101054,36294,30404,7396,82,104253
175,10,50,0.319549796013481,37676,28487,7386,81,104253
225,7,50,0.2778549404105642,35934,33591,7393,65,104253
225,9,50,0.2940569000580161,35876,33082,7390,67,104253
225,8,50,0.28278621984865066,37566,30967,7396,70,104253
225,10,50,0.3067280534057442,38768,28791,7386,68,104253
275,9,50,0.3141379944932518,37024,33082,7390,58,104253
275,7,50,0.3066064032183366,37134,33591,7393,58,104253
275,8,50,0.27942613015508955,38330,31302,7396,61,104253
275,10,50,0.3034340805317818,38443,30616,7386,58,104253
325,9,50,0.3112073587137541,37306,33413,7390,56,104253
325,7,50,0.2941654342854558,37628,33682,7393,53,104253
325,10,50,0.34257807426668496,38514,31146,7386,56,104253
325,8,50,0.32263039588762155,39124,31666,7396,56,104253
375,9,50,0.30784039287142523,37635,33775,7390,54,104253
375,8,50,0.3189946614001463,39460,32021,7396,54,104253
375,10,50,0.33905934965266693,38843,31507,7386,54,104253
375,7,50,0.29086042522580297,37938,33977,7393,51,104253
50,11,50,0.35488745748540235,34550,27707,7385,188,104253
425,9,50,0.30302816898669155,38908,34069,7390,46,104253
425,7,50,0.2883677196476038,38940,34294,7393,45,104253
425,8,50,0.30059103731826475,39220,34711,7396,45,104253
425,10,50,0.2611044467403082,35771,39051,10683,45,104253
60,11,50,0.36103685360860116,34533,27928,7385,153,104253
475,9,50,0.3156978912614571,40191,34623,7390,42,104253
475,7,50,0.296311379978743,40713,34843,7393,40,104253
475,10,50,0.2735674093510989,36683,39869,10683,40,104253
475,8,50,0.31287041295366025,40984,35262,7396,40,104253
70,11,50,0.2711202598269828,34174,28071,7385,140,104253
80,11,50,0.254989200306926,34714,28071,7385,131,104253
90,11,50,0.25174168564413857,35128,28071,7385,125,104253
100,11,50,0.24482371452778875,35427,28071,7385,115,104253
125,11,50,0.2438595265663846,36354,28302,7385,102,104253
150,11,50,0.2523967266544605,37433,28302,7385,93,104253
175,11,50,0.2717316896533961,37594,28302,7385,80,104253
200,11,50,0.2614178380639579,38224,28645,7385,72,104253
225,11,50,0.25995465141132157,38843,28645,7385,68,104253
250,11,50,0.22661484833417211,37924,30133,7385,65,104253
275,11,50,0.29341149055499616,38345,30923,7385,58,104253
300,11,50,0.29058748022548353,38643,30923,7385,57,104253
325,11,50,0.29058748022548353,38954,30923,7385,56,104253
350,11,50,0.281374630107236,38916,31305,7385,55,104253
375,11,50,0.2744996215862916,39640,31305,7385,53,104253
400,11,50,0.2814411819660396,40777,31533,7385,49,104253
425,11,50,0.2555455274558747,40044,34110,7385,46,104253
450,11,50,0.21323341466485024,34995,41341,10250,43,104253
475,11,50,0.22569960069827116,35465,42157,10250,39,104253
500,11,50,0.21662186271937386,36429,42157,10250,37,104253
125,15,50,0.34810024952309854,37741,27934,7380,102,104253
175,15,50,0.33878354197632243,37832,27994,7380,79,104253
225,15,50,0.3253612834712096,39391,27994,7380,67,104253
275,15,50,0.32148787587170247,40588,27994,7380,60,104253
325,15,50,0.37543453175518415,40024,29150,7380,57,104253
50,12,50,0.322592608666584,35253,27486,7384,190,104253
50,13,50,0.3724233143776061,35750,27395,7385,188,104253
50,16,50,0.38206490226868994,34828,28719,7384,170,104253
375,15,50,0.352251790405557,40558,29692,7380,54,104253
50,14,50,0.37837793462183394,36160,26892,7380,184,104253
60,12,50,0.2643023073234069,34670,28033,7384,152,104253
60,13,50,0.26727909024764124,36264,27083,7385,152,104253
60,16,50,0.35063368747427653,36098,27080,7384,146,104253
425,15,50,0.2724128121800767,36418,38775,10094,43,104253
60,14,50,0.29418899531741366,34743,29002,7380,146,104253
70,13,50,0.2907198396325351,35946,27083,7385,138,104253
70,12,50,0.2750570349170547,34981,27293,7384,141,104253
70,16,50,0.33966397371795853,35658,27377,7384,134,104253
475,15,50,0.2891961912497051,37213,39377,10094,40,104253
70,14,50,0.294467533364127,35994,27300,7380,137,104253
80,13,50,0.29754961362539245,35823,27212,7385,132,104253
80,12,50,0.2767191086909358,35374,27368,7384,133,104253
80,16,50,0.3356150959563601,36112,27377,7384,128,104253
80,14,50,0.29018901083910054,36164,27300,7380,130,104253
90,13,50,0.28340805334611213,35074,27882,7385,125,104253
90,12,50,0.3048297745712386,35043,28108,7384,124,104253
90,16,50,0.3350145053645889,35995,28001,7384,121,104253
90,14,50,0.2860918443992026,35950,28031,7380,124,104253
100,13,50,0.2778614303317276,36011,27882,7385,114,104253
100,12,50,0.3160919803966774,35446,28108,7384,114,104253
100,16,50,0.3293564172872483,36745,28001,7384,113,104253
100,14,50,0.281752966439751,36680,28031,7380,114,104253
125,13,50,0.26405574480581817,36858,27882,7385,101,104253
125,12,50,0.25863194916133503,36983,27666,7384,103,104253
125,16,50,0.31622871300640754,37719,27697,7384,102,104253
125,14,50,0.2915862912321139,37087,28031,7380,102,104253
150,13,50,0.2555094731492323,38221,27882,7385,90,104253
150,12,50,0.2531587652256994,37882,27666,7384,93,104253
150,16,50,0.3080241821283755,36576,28001,7384,87,104253
150,14,50,0.2752983613189494,38121,28031,7380,91,104253
175,13,50,0.25238098948285786,38378,27882,7385,83,104253
175,16,50,0.2994761238288349,36980,28001,7384,82,104253
175,12,50,0.25045453036874454,38795,27666,7384,84,104253
175,14,50,0.26121953614356674,37601,28031,7380,81,104253
200,13,50,0.24592376182281053,39130,27882,7385,76,104253
200,16,50,0.28812050340388856,38232,28001,7384,73,104253
200,12,50,0.2698708690391783,38841,28108,7384,74,104253
200,14,50,0.2438950634176192,38612,28031,7380,72,104253
225,13,50,0.2443157733258076,39956,27882,7385,71,104253
225,16,50,0.28684339244580254,39030,28001,7384,68,104253
225,12,50,0.26831033600030346,39467,28108,7384,70,104253
225,14,50,0.24241343832235568,39239,28031,7380,68,104253
250,13,50,0.242033400196384,40198,27882,7385,70,104253
250,16,50,0.29229545487598796,39300,28001,7384,65,104253
250,12,50,0.2636877238235912,39955,28108,7384,68,104253
250,14,50,0.24013215875438534,39481,28031,7380,67,104253
275,13,50,0.2357999028595018,40786,27882,7385,64,104253
275,16,50,0.3055253597071923,39925,28001,7384,60,104253
275,12,50,0.2810524862190282,40797,28108,7384,61,104253
275,14,50,0.2477350726648134,40707,28031,7380,60,104253
300,13,50,0.24029444728187213,41643,27882,7385,61,104253
300,16,50,0.344033257862383,39604,29183,7384,57,104253
300,12,50,0.27825696437085196,41092,28108,7384,60,104253
300,14,50,0.2549654325241006,40834,28031,7380,58,104253
325,13,50,0.24029444728187213,41643,27882,7385,61,104253
325,16,50,0.344033257862383,39604,29183,7384,57,104253
325,12,50,0.27825696437085196,41092,28108,7384,60,104253
325,14,50,0.2979530143745464,40185,29002,7380,57,104253
350,13,50,0.2896234566437494,40940,29124,7385,58,104253
350,16,50,0.32817462088065064,39492,29636,7384,56,104253
350,12,50,0.2684767880714411,40943,28599,7384,59,104253
350,14,50,0.281773823349227,40011,29517,7380,56,104253
375,13,50,0.2766448583118346,41055,29124,7385,56,104253
375,16,50,0.32127258446878987,40220,29636,7384,54,104253
375,12,50,0.24943450303616158,41262,28768,7384,55,104253
375,14,50,0.2784373503982121,40363,29517,7380,55,104253
400,13,50,0.2537267901996759,41906,29733,7385,51,104253
400,16,50,0.30264708151986386,41307,30088,7384,50,104253
400,12,50,0.2675820275472339,42409,29941,7384,49,104253
400,14,50,0.28213813290530865,41857,29970,7380,50,104253
425,13,50,0.2562964752169184,42731,29733,7385,49,104253
425,16,50,0.2988258903746864,41711,30088,7384,49,104253
425,12,50,0.2675820275472339,42409,29941,7384,49,104253
425,14,50,0.22042274785339475,36899,38569,10301,44,104253
450,13,50,0.25622231282902114,43162,29733,7385,48,104253
450,16,50,0.3030459167991689,41660,30537,7384,47,104253
450,12,50,0.2634876060717218,42842,29941,7384,48,104253
450,14,50,0.22042274785339475,36899,38569,10301,44,104253
475,16,50,0.31982488883353827,42449,31139,7384,44,104253
475,13,50,0.2686431925713406,43569,30747,7385,44,104253
475,12,50,0.25033589361108,44236,29941,7384,45,104253
475,14,50,0.23287841811505383,37292,39431,10301,40,104253
500,16,50,0.31075310044786386,43414,31139,7384,42,104253
500,13,50,0.2549242284836159,45024,30747,7385,41,104253
500,12,50,0.20186398583627094,41380,36083,7384,38,104253
500,14,50,0.2191019152892267,38754,39431,10301,37,104253
125,20,50,0.2850541194826287,37897,27551,7407,101,104253
175,20,50,0.32733907225296144,36769,29098,7407,78,104253
225,20,50,0.3235397837923856,38117,29320,7407,65,104253
275,20,50,0.33222684625514787,39248,29320,7407,58,104253
325,20,50,0.326519744795441,39850,29320,7407,56,104253
50,17,50,0.3417745634485434,35054,28577,7398,169,104253
50,21,50,0.30960877054657016,35723,27964,7398,169,104253
375,20,50,0.3033650634907629,34188,38310,9640,50,104253
50,18,50,0.4063563981545428,34832,28549,7398,169,104253
50,19,50,0.3700441512495545,35185,28133,7407,170,104253
60,17,50,0.3504623761799941,36583,27176,7398,146,104253
60,21,50,0.31210826561321403,36483,27964,7398,141,104253
425,20,50,0.2879608677421195,35277,38515,9640,45,104253
60,19,50,0.3450410266529335,35698,28357,7407,141,104253
60,18,50,0.38338482829484044,36468,27149,7398,145,104253
70,17,50,0.32969967524803634,35932,27394,7398,135,104253
70,21,50,0.2970846363534272,36607,26658,7398,134,104253
475,20,50,0.30473685997610755,36074,39113,9640,42,104253
70,19,50,0.3338888318770088,35003,29217,7407,131,104253
70,18,50,0.3514687320294081,34991,29094,7398,131,104253
80,17,50,0.32642329105822526,36382,27394,7398,129,104253
80,21,50,0.29367767896313174,36325,27215,7398,124,104253
80,18,50,0.3558765439721709,35984,27874,7398,126,104253
80,19,50,0.3297811035904546,35648,27877,7407,123,104253
90,21,50,0.29067741450574547,37006,27215,7398,116,104253
90,17,50,0.32490468966876257,36459,27917,7398,121,104253
90,18,50,0.3523247443755957,36676,27874,7398,118,104253
90,19,50,0.3349973813143386,36103,27877,7407,114,104253
100,21,50,0.30498124363240076,37192,27657,7398,110,104253
100,17,50,0.3209523306018235,37116,27917,7398,113,104253
100,18,50,0.35754098728563816,36773,27989,7398,111,104253
100,19,50,0.3319082824765819,36576,27877,7407,109,104253
125,21,50,0.30590101417704,38092,27781,7398,103,104253
125,18,50,0.3434884378067319,37573,27989,7398,101,104253
125,19,50,0.3291387423608823,37374,28089,7407,100,104253
125,17,50,0.323916165541993,37780,27917,7398,103,104253
150,21,50,0.2888650921536255,38923,27661,7398,93,104253
150,18,50,0.3255781698261597,38075,27989,7398,89,104253
150,19,50,0.3453872811815568,36717,28805,7407,88,104253
150,17,50,0.30387134305779095,38145,27423,7398,91,104253
175,18,50,0.3017077098774335,38057,27989,7398,81,104253
175,21,50,0.28200919210880376,38357,28115,7398,80,104253
175,19,50,0.346292813426465,36979,29217,7407,79,104253
175,17,50,0.30575983843326726,38154,27917,7398,83,104253
200,18,50,0.32951472256550307,37714,29300,7398,72,104253
200,21,50,0.32782709521031816,37521,29688,7398,72,104253
200,17,50,0.2865343916253571,38649,27917,7398,73,104253
200,19,50,0.34416490680569245,37844,29217,7407,72,104253
225,18,50,0.3241601337262683,38744,29300,7398,66,104253
225,21,50,0.25707905117945995,32013,38813,10631,62,104253
225,17,50,0.2829714212850507,39685,27917,7398,67,104253
225,19,50,0.3411921416559911,38823,29217,7407,66,104253
250,18,50,0.3218803575379741,38986,29300,7398,65,104253
250,21,50,0.2525811209571719,32490,38813,10631,60,104253
250,17,50,0.28069113025571807,39927,27917,7398,66,104253
250,19,50,0.3389123756047307,39065,29217,7407,65,104253
275,18,50,0.3226323766024276,39973,29300,7398,60,104253
275,21,50,0.27312494464461357,33245,38813,10631,53,104253
275,17,50,0.2915777388016834,40866,27917,7398,60,104253
275,19,50,0.3592694143104397,39821,29217,7407,58,104253
300,18,50,0.3302057559838832,40245,29300,7398,58,104253
300,21,50,0.2703924533862606,33534,38813,10631,52,104253
300,17,50,0.3433389735471949,39973,29229,7398,57,104253
300,19,50,0.3566377844468893,40099,29217,7407,57,104253
325,18,50,0.3302057559838832,40245,29300,7398,58,104253
325,21,50,0.2703924533862606,33534,38813,10631,52,104253
325,17,50,0.3433389735471949,39973,29229,7398,57,104253
325,19,50,0.35356040826066293,40423,29217,7407,56,104253
350,18,50,0.3261310477837354,40197,30022,7398,56,104253
350,21,50,0.27036203227517397,33298,39386,10631,51,104253
350,17,50,0.32713995939962803,39572,29971,7398,56,104253
350,19,50,0.3751738488228968,39988,29990,7407,55,104253
375,18,50,0.3239942730619333,40344,30496,7398,53,104253
375,21,50,0.26142851563354935,33184,39688,10631,50,104253
375,17,50,0.3203807335849383,40285,29971,7398,54,104253
375,19,50,0.34045700760204534,35424,38022,9292,49,104253
400,18,50,0.2501313496556041,36538,37679,8895,47,104253
400,21,50,0.24268597239835327,34218,39885,10631,45,104253
400,17,50,0.30117741512398044,41368,30425,7398,50,104253
400,19,50,0.3293899301158481,36594,38022,9292,46,104253
425,18,50,0.2463221026145374,37361,37679,8895,45,104253
425,21,50,0.25145432306583665,34636,39885,10631,44,104253
425,17,50,0.2973662780060988,41771,30425,7398,49,104253
425,19,50,0.30336467167149883,36099,38234,9292,44,104253
450,18,50,0.2463221026145374,37361,37679,8895,45,104253
450,21,50,0.25145432306583665,34636,39885,10631,44,104253
450,17,50,0.30187074609236064,41718,30838,7398,47,104253
450,19,50,0.30336467167149883,36099,38234,9292,44,104253
475,18,50,0.2331311148169895,37752,38479,8895,41,104253
475,17,50,0.29306430256628635,42501,31445,7398,44,104253
475,21,50,0.26811717127362583,35433,40485,10631,41,104253
475,19,50,0.32013699675296087,36893,38835,9292,41,104253
500,18,50,0.21941182840410267,39210,38479,8895,38,104253
500,21,50,0.25910339306486174,36392,40485,10631,39,104253
500,17,50,0.25900851490269633,39909,37709,8175,38,104253
500,19,50,0.3110959332028214,37855,38835,9292,39,104253
125,30,50,0.3437166922297384,33611,32825,7382,93,104253
125,25,50,0.2076454048348491,36500,27922,7379,96,104253
175,25,50,0.22143689834907346,37826,28279,7379,81,104253
175,30,50,0.3593725335897502,35077,33014,7382,78,104253
225,25,50,0.19161416998570374,32298,38153,11108,63,104253
225,30,50,0.40021554590973346,31783,38596,11722,63,104253
275,25,50,0.19869759065612283,33304,38153,11108,55,104253
275,30,50,0.40647346495192943,33188,38596,11722,55,104253
325,25,50,0.21084282467824914,36723,34019,7379,55,104253
325,30,50,0.40647346495192943,33188,38596,11722,55,104253
50,24,50,0.3395395353217515,35018,28426,7378,161,104253
375,25,50,0.20963380161118675,36594,35374,7398,51,104253
50,23,50,0.31219271022357603,35745,27955,7381,168,104253
50,22,50,0.29401474926827326,35107,28029,7397,167,104253
375,30,50,0.39798308806559485,33313,39469,11722,50,104253
60,22,50,0.30198165119867565,35827,28187,7397,138,104253
60,23,50,0.3242442056292794,35592,28228,7381,136,104253
60,24,50,0.3254666903798433,35565,28426,7378,136,104253
425,25,50,0.1923159484858772,33549,40302,11108,45,104253
425,30,50,0.37928385292127886,32839,41772,11722,45,104253
70,22,50,0.28669146666177614,36549,26628,7397,133,104253
70,23,50,0.31728684294602516,35134,28700,7381,129,104253
475,25,50,0.17881817705494496,34770,40913,11108,41,104253
70,24,50,0.3181796960214846,34708,28952,7378,128,104253
475,30,50,0.4439505631046503,32952,43918,11722,40,104253
80,22,50,0.28155580081915543,36360,27160,7397,122,104253
80,23,50,0.3051239642907247,36589,27208,7381,121,104253
80,24,50,0.31065971746223714,35877,27397,7378,121,104253
90,22,50,0.27815933293365513,36955,27160,7397,115,104253
90,23,50,0.3037660236257371,37098,27208,7381,115,104253
90,24,50,0.3117747651714795,36259,27397,7378,114,104253
100,22,50,0.2738739484028284,37865,26849,7397,111,104253
100,23,50,0.3003116426425497,37570,27208,7381,110,104253
100,24,50,0.3074729955748063,36730,27397,7378,109,104253
125,23,50,0.2820276063449759,37126,27659,7381,98,104253
125,22,50,0.2668802554505454,38334,27284,7397,103,104253
125,24,50,0.2913266513724039,37167,27647,7378,98,104253
150,23,50,0.27492613719867054,37679,27659,7381,88,104253
150,22,50,0.26319607443886306,38250,27359,7397,89,104253
150,24,50,0.2977130214010176,38200,27647,7378,88,104253
175,23,50,0.34613623255758585,37405,29205,7381,78,104253
175,22,50,0.27990585732775874,38791,27762,7397,81,104253
175,24,50,0.35314694389450035,37159,29426,7378,79,104253
200,23,50,0.34087580023295905,37781,29406,7381,72,104253
200,22,50,0.3233056321676432,37808,29332,7397,72,104253
200,24,50,0.3510136405834844,37376,29742,7378,74,104253
225,23,50,0.3397311850163498,38128,29406,7381,66,104253
225,22,50,0.2642857795756017,32386,37935,10108,62,104253
225,24,50,0.30197077733251265,37942,29742,7378,69,104253
250,23,50,0.33523415761980635,38605,29406,7381,64,104253
250,22,50,0.257659756495333,33090,37935,10108,59,104253
250,24,50,0.2173612065399099,32170,38236,10835,61,104253
275,22,50,0.2685599623606924,34004,37935,10108,53,104253
275,23,50,0.3456664061992338,39557,29406,7381,58,104253
275,24,50,0.22448203207148257,33382,38236,10835,54,104253
300,22,50,0.2658280951668257,34293,37935,10108,52,104253
300,23,50,0.342925287595195,39847,29406,7381,57,104253
300,24,50,0.2810841089148112,33171,39073,10835,52,104253
325,22,50,0.2658280951668257,34293,37935,10108,52,104253
325,23,50,0.3399157982699783,40164,29406,7381,56,104253
325,24,50,0.2810841089148112,33171,39073,10835,52,104253
350,22,50,0.2658312136783121,34043,38522,10108,51,104253
350,23,50,0.3394630550880427,39921,29987,7381,55,104253
350,24,50,0.28078898387392964,32934,39648,10835,51,104253
375,22,50,0.28062927160048384,34304,38828,10108,49,104253
375,23,50,0.28825895829104636,33559,39146,10190,49,104253
375,24,50,0.2956135325126909,33196,39915,10835,49,104253
400,22,50,0.2642741913496351,35084,38920,10108,45,104253
400,23,50,0.2737672765201692,35092,39146,10190,45,104253
400,24,50,0.2846732444627078,34353,39915,10835,46,104253
425,22,50,0.2731009249859959,35498,38920,10108,44,104253
425,23,50,0.2737467849259869,35504,39146,10190,44,104253
425,24,50,0.28466305987775603,34764,39915,10835,45,104253
450,22,50,0.2731009249859959,35498,38920,10108,44,104253
450,23,50,0.2737467849259869,35504,39146,10190,44,104253
450,24,50,0.2701410869542421,34202,40723,10835,43,104253
475,22,50,0.26428465911378696,36443,38920,10108,42,104253
475,23,50,0.29050250206106215,36309,39739,10190,41,104253
475,24,50,0.2613321150329215,35147,40723,10835,41,104253
500,23,50,0.28145735516629744,37272,39739,10190,39,104253
500,22,50,0.25524045753894853,37407,38920,10108,40,104253
500,24,50,0.25228148986548915,36110,40723,10835,39,104253
125,35,50,0.20626250516819772,38351,26593,6680,97,104253
125,45,50,0.20500568816965614,38377,27206,7378,93,104253
125,40,50,0.2488038316311293,35473,31596,6777,91,104253
175,45,50,0.21233003201836126,36697,31954,7378,74,104253
175,35,50,0.30136887067370666,38558,29042,7381,76,104253
175,40,50,0.27019694379687115,35744,33501,6777,73,104253
225,35,50,0.28689324623502416,32012,39277,11242,61,104253
225,45,50,0.19140952544136206,30631,41961,11137,59,104253
225,40,50,0.2718548467643061,36953,33501,6777,64,104253
275,35,50,0.22725857860847704,33729,38576,11242,54,104253
275,40,50,0.28200030331557,37561,33567,6777,57,104253
275,45,50,0.19239145054096676,31685,41247,11137,54,104253
325,40,50,0.22014166821740724,37838,33567,6777,55,104253
325,45,50,0.2008835313646977,35363,37609,7499,53,104253
325,35,50,0.22428629202298223,34044,38576,11242,53,104253
375,40,50,0.3109595922164043,38625,34887,7380,49,104253
375,45,50,0.1732953389205268,32871,42478,11137,46,104253
375,35,50,0.2624715180405634,34277,40031,11242,48,104253
425,40,50,0.29932534242365816,38969,35113,7380,46,104253
425,45,50,0.16580509039018967,33666,42478,11137,44,104253
425,35,50,0.2507798834846624,35000,40409,11242,44,104253
475,40,50,0.28113544814071806,40640,35730,7380,41,104253
475,45,50,0.17383382447425955,34477,43254,11137,39,104253
475,35,50,0.21655243390502696,34932,43024,11242,39,104253
125,1,10,0.21001039420410086,32053,28156,7434,116,104253
175,1,10,0.2085931156542468,33573,28156,7434,96,104253
225,1,10,0.19893239690905978,33291,31264,7434,78,104253
275,1,10,0.15596079213583924,36895,30644,6814,64,104253
325,1,10,0.15461132367770558,38078,30644,6814,60,104253
375,1,10,0.14816107163462103,38297,30924,6814,56,104253
425,1,10,0.15049921162336174,38761,32641,7434,49,104253
475,1,10,0.14434956433864204,40122,32641,7434,46,104253
125,4,10,0.237646694477974,36045,26948,7433,110,104253
125,6,10,0.26437815569352935,37440,26529,7431,106,104253
125,2,10,0.19491336006951504,33285,27743,7434,113,104253
125,5,10,0.23850462388577914,36510,27878,7432,106,104253
125,3,10,0.23540118785155992,35612,26996,7433,115,104253
175,6,10,0.23227293792027093,39311,26529,7431,87,104253
175,4,10,0.22345593427636354,38049,26948,7433,91,104253
175,5,10,0.23144630151134096,39666,26544,7432,88,104253
175,2,10,0.202000099044029,33438,29890,6794,92,104253
175,3,10,0.23319783471295427,36747,26996,7433,93,104253
225,4,10,0.22115461405488088,40346,26948,7433,74,104253
225,5,10,0.21293520068765956,38450,29810,7432,71,104253
225,2,10,0.18921824376030327,35585,29890,6794,77,104253
225,3,10,0.20468050122817943,39194,28247,6716,72,104253
225,6,10,0.22657549931829649,40946,26529,7431,74,104253
275,2,10,0.16688237034135653,38672,29890,6794,63,104253
275,5,10,0.21024058969753256,40312,29849,7432,62,104253
275,4,10,0.1950988403189055,39497,30272,6607,63,104253
275,3,10,0.19231379196861742,40573,28247,6716,65,104253
275,6,10,0.21232235370939362,39768,30315,7431,63,104253
325,2,10,0.15256281910700933,40188,29890,6794,58,104253
325,5,10,0.1968060681327324,41311,30257,7432,55,104253
325,4,10,0.1800504664079262,40662,30568,7433,56,104253
325,3,10,0.18089062066097122,41786,28247,6716,61,104253
325,6,10,0.2713277650722518,38990,32844,7431,55,104253
375,2,10,0.17450098175924217,39038,31250,6794,55,104253
375,5,10,0.1968060681327324,41311,30257,7432,55,104253
375,4,10,0.1767950554247159,40821,30673,7433,54,104253
375,6,10,0.26547926130014665,37856,34306,7431,54,104253
375,3,10,0.17444578596294347,40723,30114,6716,56,104253
425,4,10,0.15523267528345902,43215,30673,7433,48,104253
425,2,10,0.17079963962986638,40182,31890,7434,49,104253
425,6,10,0.2566357620942376,40233,34503,7431,45,104253
425,3,10,0.15106722153721117,42742,31536,7433,47,104253
425,5,10,0.1758054920061555,42679,31293,7432,45,104253
475,4,10,0.14801271761815882,44072,31059,7433,45,104253
475,2,10,0.15103358066699887,41580,32500,7434,44,104253
475,5,10,0.1655682240261076,44070,31293,7432,42,104253
475,6,10,0.24059624039770264,40864,34503,7431,42,104253
475,3,10,0.1637246076820393,43377,31812,7433,44,104253
125,7,10,0.2652737625186743,38761,25172,7431,107,104253
125,10,10,0.2590398790120738,37075,27394,7428,109,104253
125,8,10,0.2386856026261839,37101,27039,7431,105,104253
125,9,10,0.2664987293086563,37160,26905,7428,108,104253
175,7,10,0.25219889740782453,40121,25172,7431,91,104253
175,10,10,0.2420606706533412,38512,27632,7428,89,104253
50,11,10,0.3160074588076626,39178,21134,3941,196,104253
175,8,10,0.223088613141111,38930,27039,7431,87,104253
175,9,10,0.23937554726762464,38489,26905,7428,89,104253
225,10,10,0.23448058428816715,41289,26872,7428,75,104253
225,7,10,0.23050370503890255,38269,29951,7431,72,104253
225,8,10,0.21235960658314698,40504,27039,7431,74,104253
60,11,10,0.3137244912991966,39850,21134,3941,174,104253
225,9,10,0.23275487918932022,41012,26905,7428,75,104253
275,10,10,0.2491970814903567,39461,31313,6586,63,104253
275,7,10,0.24577033223731334,37834,32620,7431,62,104253
275,8,10,0.20707518550091747,38907,30461,6494,65,104253
275,9,10,0.21058165939628748,39849,29992,6625,65,104253
70,11,10,0.3212122390706694,37388,26001,7428,150,104253
325,10,10,0.2737182870738326,40343,32651,6586,53,104253
325,7,10,0.24488607440648552,38623,33093,7431,56,104253
325,9,10,0.24306268725874325,40227,31855,6625,56,104253
325,8,10,0.2637009731671218,39182,31931,6494,58,104253
80,11,10,0.3293935358256423,37092,26001,7428,133,104253
375,10,10,0.2657982578690033,40122,32651,6586,52,104253
375,7,10,0.2540582015229921,38922,33149,7431,54,104253
375,9,10,0.3005998057615065,40754,31855,6625,53,104253
375,8,10,0.27042508272954097,39540,32378,6494,54,104253
90,11,10,0.32533440100977046,37050,26551,7428,127,104253
425,10,10,0.2401675976864781,41451,33590,7428,44,104253
425,7,10,0.2269285514007739,40927,34141,7431,45,104253
425,9,10,0.27995921504279725,42374,32908,7428,45,104253
425,8,10,0.3019357832627275,41332,33573,7431,45,104253
100,11,10,0.3373184475589965,37294,26551,7428,119,104253
475,10,10,0.28869815053716463,42075,34313,7428,41,104253
475,7,10,0.21677164132830415,42319,34141,7431,42,104253
475,9,10,0.27051569506999257,43723,32908,7428,42,104253
475,8,10,0.2920671289504657,42725,33573,7431,42,104253
125,11,10,0.3210272842769745,37858,25767,7428,105,104253
150,11,10,0.3165688097685616,38837,25767,7428,98,104253
175,11,10,0.321450062821812,39716,26032,7428,89,104253
200,11,10,0.3309336684490596,40635,26032,7428,82,104253
225,11,10,0.3276989612940174,41686,26032,7428,76,104253
250,11,10,0.33266570302488896,42296,26032,7428,72,104253
275,11,10,0.2900929511692527,41094,29795,6554,62,104253
300,11,10,0.23826708975677655,41688,30299,6554,57,104253
325,11,10,0.23538042867346623,41829,30695,6554,55,104253
350,11,10,0.23538042867346623,41829,30695,6554,55,104253
375,11,10,0.2678985205097631,41289,31583,6554,52,104253
400,11,10,0.2546569039551215,42344,32457,7428,47,104253
425,11,10,0.2510386390723683,42480,32593,7428,45,104253
450,11,10,0.24283134140997928,43356,32593,7428,43,104253
475,11,10,0.24172895647251594,43826,32593,7428,42,104253
500,11,10,0.22792000952668365,45296,32593,7428,39,104253
125,15,10,0.20881531231247935,37838,26524,7425,107,104253
175,15,10,0.219291435759739,39224,26816,7425,88,104253
50,14,10,0.2536481265471576,41813,19024,3370,198,104253
50,12,10,0.26804816408093624,39410,20487,4016,194,104253
50,13,10,0.2420864185895409,38888,21071,4038,194,104253
50,16,10,0.2754847783761293,39321,22297,4088,186,104253
